Point Name,Point Info,Default Location,Geometry
DataPoint1,DataPoint1Info,DefaultPoint: -112.617932 21.76034,"POLYGON ((-111.617932 20.76034, -113.617932 20.76034, -113.617932 22.76034, -111.617932 22.76034, -111.617932 20.76034))"
DataPoint2,DataPoint2Info,DefaultPoint: -112.517932 21.86034,"POLYGON ((-111.417932 20.96034, -113.417932 20.96034, -113.417932 22.96034, -111.417932 22.96034, -111.417932 20.96034))"
DataPoint3,DataPoint3Info,DefaultPoint: -112.417932 21.96034,"POLYGON ((-111.217932 21.16034, -113.217932 21.16034, -113.217932 23.16034, -111.217932 23.16034, -111.217932 21.16034))"
DataPoint4,DataPoint4Info,DefaultPoint: -112.317932 22.06034,"POLYGON ((-111.017932 21.36034, -113.017932 21.36034, -113.017932 23.36034, -111.017932 23.36034, -111.017932 21.36034))"
DataPoint5,DataPoint5Info,DefaultPoint: -112.217932 22.16034,"POLYGON ((-110.817932 21.56034, -112.817932 21.56034, -112.817932 23.56034, -110.817932 23.56034, -110.817932 21.56034))"Column1,Column2,Column3,Column4,Column5,Column6,Column7,Column8
XLgeeElT1R,KCDxFoYkmv,Lly6kyIbno,8CDl14KcPS,IsBD5zDdaM,cDGBBLoj4P,5jGMTi9sEL,NVDDVuT4bU
4FbJmD5bSp,QBhaW.UYUX,.lHy9qadPi,2tikV.h6Ap,n7Jp5mODQw,I4knuS7NK6,D1vJxxu6ox,sYyEKBKsBW
LFwuJ8i40c,BDvEUvLa2H,2RpueUFPM1,hPlXu7Fbaz,pzgl4XC3Tq,0K.443rcqZ,BCr84WsHkX,ZK9DtCKezq
rM5xbGqr3A,QCUl6Vhiqh,F5S6ApK5KB,tmNaHYH47y,GbNTgxZYGG,vCXrUw386V,5uPBhDYUMi,onk2KEr9Ze
.VyegZywqm,4J7lBnvmLL,Hemzshs5Qp,e4i2wj5Lvs,fBEAnOp8.y,jeyoFvJ9V8,GCPahaAfZs,rS1tFfJUmN
1uFtgaF4wb,J6ZwUMWEum,nkjhgAneRA,VYWign7x3g,EGSYSu2EI3,teAa.RkymP,XBn5pUjRpH,P.KnRQAvzW
HRFXhQyWRz,cIkotctWI7,llqbo3CnsS,qZ9.hf6zXI,xx90Egpw4O,xOWAKwAEJo,nlD9jnJUgn,g48aKYl.Fi
NgsNwLcHYU,OBZJvl2aRr,FEpQHCPW0W,lb8AKh20NG,kc5vIOezOz,5kSpMj0Kf2,6qRbJMDy8o,tbxkgCI4i2
yqhA1atSYA,qrUUK4v4V6,lPAAg4XHjj,K6CnDPjqkI,tUIH8brLIl,hNimQRZPu6,nUJP0tYHq4,VeTmMAh2Cf
Ml97b6YqFV,0C6nwIl3QO,mSvO.c36Jq,K6mpubVMN3,EHcEdsiGZe,pnmX23ZvG8,c1Qpl4qQ3v,WIpXkOQ0Ki
4xgEaxUyw.,lAfO1M0Wuj,cANErQ7yNo,n9TzePVloX,k1vDjvCJ6H,X4GAfCTKot,zwUinmQQKl,0OIG8kgjw6
oyBf.sBstL,6k74yYhmr6,NW9URiwaB5,wJprfb3OS4,Uyx8pPQNik,d32zsByRyr,6BZyqw5QZw,4BDxmpzaEb
BR1s2BRZ9N,MmrA7sI9S3,TaYWqL.Fnc,cymxZoJHFX,OgQlSRkdz3,Q.rLrA3fbq,clM7Lp94LS,SaD4oNuMeH
AwgtvMgKfy,vEGpVCCTJC,SqAQlQ5wxN,gqaCZPftL8,jzYnxnCpjV,kKdKZl4.hN,QTnBrfDd.f,ykhKttAot7
nQnLCFm.NN,UOl7r.mx5s,T.YexaCCrG,TQhkAaGL8V,2e.VuS8jt3,hetaoX1ioB,dTih4eHbGr,3Jyk.OadTN
cujxzOyg5M,jyxGSi5t0q,l6LcaGPiKI,XXzK.SKURp,QAg4iFn1Ar,TQmCCfRhx2,8pEwZv8Wg9,HkKLJT0R4D
tYQuZgK5iu,bDyZqA6UfW,GAUBSJgK3S,pam2IkHlGS,TdOW8eWVvi,XfMh72epKp,aabzebrEqg,3UnwcDW8DO
XuqU5jxf5P,gtKrSTbpR6,XrEopd2rfC,gfU5APTqD4,NlIKaKj5Ms,BGqG1FYbF1,rg9BIaHOZc,aUUWtLS4oN
36NWbIYne5,1SULNHmgb9,dEgJsRVDoq,X3W28vBnAa,luK4lrajjV,.L3pKz0eEt,Xv9Yh751Ns,f8PbXS4lya
QMuCZlaHrJ,EyShm0vVXo,wiE1QA62A1,EOPDLkbG85,6yKdXQqHY7,yiykOIhCWz,pigzfZSoEc,ZXX1s7HBd9

